"Qty";"Value";"Device";"Package";"Parts";"Description";"MF";"MPN";"OC_FARNELL";"OC_NEWARK";
"1";"";"PINHD-1X2";"1X02";"JP8";"PIN HEADER";"";"";"";"";
"1";"";"PINHD-1X4";"1X04";"UART";"PIN HEADER";"";"";"";"";
"1";"";"PINHD-2X13";"2X13";"GPIO";"PIN HEADER";"";"";"";"";
"1";"";"PINHD-2X3";"2X03";"WDT_CON";"PIN HEADER";"";"";"";"";
"1";"";"PUSH_SWITCH";"SWITCH_6X6X5";"S2";"PUSH SWITCH";"";"";"";"";
"2";"0.01uF";"C-EUC0402";"C0402";"C125, C126";"CAPACITOR, European symbol";"";"";"";"";
"4";"0.1u";"C-EUC0402";"C0402";"C6, C57, C58, C59";"CAPACITOR, European symbol";"";"";"";"";
"9";"0.1u 10v";"C-EUC0402";"C0402";"C5, C10, C11, C33, C34, C35, C37, C121, C137";"CAPACITOR, European symbol";"";"";"";"";
"12";"0.1u,10v";"C-EUC0402";"C0402";"C12, C13, C21, C30, C42, C62, C71, C72, C91, C92, C102, C103";"CAPACITOR, European symbol";"";"";"";"";
"2";"0.1u,50v";"C-EUC0402";"C0402";"C90, C100";"CAPACITOR, European symbol";"";"";"";"";
"1";"0.1uF";"C-EUC0402";"C0402";"C124";"CAPACITOR, European symbol";"";"";"";"";
"4";"0.1uf";"C-EUC0402";"C0402";"C75, C110, C111, C116";"CAPACITOR, European symbol";"";"";"";"";
"14";"0R";"R-US_R0402";"R0402";"R50, R80, R99, R100, R101, R102, R107, R108, R109, R110, R111, R112, R117, R118";"RESISTOR, American symbol";"";"";"";"";
"1";"0R";"R-US_R1206";"R1206";"R8";"RESISTOR, American symbol";"";"";"";"";
"1";"0R 1/10W";"R-US_R0603";"R0603";"R33";"RESISTOR, American symbol";"";"";"";"";
"2";"1.5K";"R-US_R0402";"R0402";"R106, R116";"RESISTOR, American symbol";"";"";"";"";
"1";"1000uF, 35v, C136014";"CPOL-USE3.5-10";"E3,5-10";"C76";"POLARIZED CAPACITOR, American symbol";"";"";"";"";
"3";"100K";"R-US_R0402";"R0402";"R18, R57, R60";"RESISTOR, American symbol";"";"";"";"";
"4";"100k";"R-US_R0402";"R0402";"R82, R83, R84, R86";"RESISTOR, American symbol";"";"";"";"";
"1";"100uF 16v C128532";"CPOL-USUD-6,3X5,8";"UD-6,3X5,8_NICHICON";"C55";"POLARIZED CAPACITOR, American symbol";"";"";"";"";
"3";"10K 1%";"R-US_R0402";"R0402";"R12, R35, R47";"RESISTOR, American symbol";"";"";"";"";
"7";"10k";"R-US_R0402";"R0402";"R43, R53, R63, R64, R66, R67, R68";"RESISTOR, American symbol";"";"";"";"";
"3";"10nf 2kv";"C-EUC1206";"C1206";"C40, C41, C49";"CAPACITOR, European symbol";"";"";"";"";
"1";"10pF";"C-EUC0402";"C0402";"C1";"CAPACITOR, European symbol";"";"";"";"";
"1";"10pf";"C-EUC0402";"C0402";"C8";"CAPACITOR, European symbol";"";"";"";"";
"1";"10uF,10v";"C-EUC0805";"C0805";"C130";"CAPACITOR, European symbol";"";"";"";"";
"3";"10uf 10v";"C-EUC0603";"C0603";"C54, C56, C60";"CAPACITOR, European symbol";"";"";"";"";
"10";"10uf,35v";"C-EUC0805";"C0805";"C15, C19, C23, C26, C29, C36, C44, C53, C65, C68";"CAPACITOR, European symbol";"";"";"";"";
"5";"180K";"R-US_R0402";"R0402";"R13, R19, R36, R52, R58";"RESISTOR, American symbol";"";"";"";"";
"2";"18pF";"C-EUC0402";"C0402";"C61, C63";"CAPACITOR, European symbol";"";"";"";"";
"1";"2.7K 1%";"R-US_R0402";"R0402";"R81";"RESISTOR, American symbol";"";"";"";"";
"5";"2.7nf";"C-EUC0402";"C0402";"C16, C24, C32, C45, C66";"CAPACITOR, European symbol";"";"";"";"";
"3";"22fu,10v";"C-EUC0805";"C0805";"C22, C31, C64";"CAPACITOR, European symbol";"";"";"";"";
"4";"22uF,10v";"C-EUC0805";"C0805";"C14, C17, C28, C38";"CAPACITOR, European symbol";"";"";"";"";
"3";"22uf,10v";"C-EUC0805";"C0805";"C25, C46, C67";"CAPACITOR, European symbol";"";"";"";"";
"3";"24K";"R-US_R0402";"R0402";"R16, R38, R54";"RESISTOR, American symbol";"";"";"";"";
"2";"24K 1%";"R-US_R0402";"R0402";"R11, R15";"RESISTOR, American symbol";"";"";"";"";
"11";"330";"R-US_R0402";"R0402";"R7, R17, R21, R23, R24, R26, R27, R28, R77, R123, R124";"RESISTOR, American symbol";"";"";"";"";
"3";"33pF";"C-EUC0402";"C0402";"C2, C3, C4";"CAPACITOR, European symbol";"";"";"";"";
"2";"33pf";"C-EUC0402";"C0402";"C7, C9";"CAPACITOR, European symbol";"";"";"";"";
"8";"3R420L";"GDT";"GDT-LT-B3D090L";"P1, P2, P3, P4, P5, P6, P7, P8";"";"";"";"";"";
"3";"3mm/BLUE";"LED3MM";"LED3MM";"5G_WLAN0, P3_1000, USB_LED";"LED";"";"";"";"";
"4";"3mm/GREEN";"LED3MM";"LED3MM";"2G_WLAN, 5G_WLAN1, P4_1000, STATUS";"LED";"";"";"";"";
"3";"3mm/RED";"LED3MM";"LED3MM";"P3_100, P4_100, PWR";"LED";"";"";"";"";
"2";"4.7uH /SWPA6045S4R7MT";"INDUCTOR6028S";"SWPA6028S";"L2, L8";"CHOKE";"";"";"";"";
"3";"470uF,JLC-C116423";"CPOL-USUD-6,3X7,7";"UD-6,3X7,7_NICHICON";"C18, C27, C43";"POLARIZED CAPACITOR, American symbol";"";"";"";"";
"2";"47K";"R-US_R0402";"R0402";"R44, R85";"RESISTOR, American symbol";"";"";"";"";
"2";"47K 1%";"R-US_R0402";"R0402";"R37, R59";"RESISTOR, American symbol";"";"";"";"";
"2";"47uF,6.3V";"C-EUC1206";"C1206";"C20, C39";"CAPACITOR, European symbol";"";"";"";"";
"1";"4A,GR30-400";"FUSEGR72-135";"GR72-135";"L1";"FUSE";"";"";"";"";
"1";"4K7";"R-US_R0402";"R0402";"R3";"RESISTOR, American symbol";"";"";"";"";
"3";"53.6K 1%";"R-US_R0402";"R0402";"R10, R34, R45";"RESISTOR, American symbol";"";"";"";"";
"3";"6.8uH / SWPA6045S6R8MT";"INDUCTOR6028S";"SWPA6028S";"L3, L4, L5";"CHOKE";"";"";"";"";
"1";"68K";"R-US_R0402";"R0402";"R32";"RESISTOR, American symbol";"";"";"";"";
"2";"75K 1%";"R-US_R0402";"R0402";"R9, R14";"RESISTOR, American symbol";"";"";"";"";
"7";"75R";"R-US_R0402";"R0402";"R1, R4, R5, R6, R29, R30, R31";"RESISTOR, American symbol";"";"";"";"";
"1";"75R,NL";"R-US_R0402";"R0402";"R2";"RESISTOR, American symbol";"";"";"";"";
"1";"ATTINY13";"ATTINY13";"S8S1";"WDT";"";"";"";"";"";
"1";"BC301N-D";"GDT-2PIN";"BC301N-D";"V1";"";"";"";"";"";
"8";"BS05C";"TVSSOD323";"SOD−323";"D3, D4, D6, D7, D8, D9, D10, D11";"DIODE";"";"";"";"";
"1";"BSS138-7-F";"NMOSFET";"SOT-23";"Q11";"MOS FET";"";"";"unknown";"unknown";
"1";"CON-2P";"CON-2P";"KF350-2P";"J3";"CONNECTOR";"";"";"";"";
"1";"CORE9558_V2";"CORE9558_V2";"DRAGINO_CORE9558";"U1";"";"";"";"";"";
"5";"ESD7951ST5G";"TVSSOD−923";"SOD−923";"D5, D12, D15, D17, D18";"DIODE";"";"";"";"";
"1";"ETHERNET_2PORT";"ETHERNET_2PORT";"ETHERNET-1X2";"J2";"";"";"";"";"";
"1";"M4";"M4";"M4";"EARTH";"";"";"";"";"";
"2";"MBRS540T3";"DIODE-SCHOTTKYSMC";"SMC";"D13, D14";"Schottky Diode";"";"";"";"";
"1";"NL";"MA03-1";"MA03-1";"SV1";"PIN HEADER";"";"";"unknown";"unknown";
"1";"NL";"MA04-1";"MA04-1";"USB";"PIN HEADER";"";"";"unknown";"unknown";
"1";"NL";"MA05-1";"MA05-1";"GPS";"PIN HEADER";"";"";"unknown";"unknown";
"4";"NL";"R-US_R0402";"R0402";"R20, R49, R96, R98";"RESISTOR, American symbol";"";"";"";"";
"2";"OR";"R-US_R1206";"R1206";"R22, R25";"RESISTOR, American symbol";"";"";"";"";
"1";"POWER_JACKSLT";"POWER_JACKSLT";"POWER_JACK_SLOT";"J1";"Power Jack";"";"";"";"";
"1";"QT48A03";"QT48A03";"QT48103";"T1";"";"";"";"";"";
"5";"RT7272";"RT7272";"RT8250-SOP8";"U2, U3, U4, U5, U6";"";"";"";"";"";
"1";"SIM_CARD_CON_6MICRO";"SIM_CARD_CON_6MICRO";"SIM-MICRO-PUSH";"SIM0";"";"";"";"";"";
"1";"SMBJ40CA";"TVSDIO-214AA";"DO-214AA";"D25";"DIODE";"";"";"";"";
"1";"SS14";"SCHOTTKYSMBG";"DO214AC";"D2";"Suppressor diode";"";"";"";"";
"1";"Si4435DDY-T1";"P-MOSFET_SO8";"SI4435";"Q9";"";"";"";"";"";
"3";"TEST-POINT0.8MM";"TEST-POINT0.8MM";"TEST_POINT_0.8MM";"TP1, TP2, TP3";"";"";"";"";"";
"1";"USB-CON-A-DUAL";"USB-CON-A-DUAL";"USB-DUAL-JS-AF10-002";"J5";"";"";"";"";"";
"1";"USB_HUB_FE1.1S";"USB_HUB_FE1.1S";"USB_HUB_FE1.1S";"U12";"";"";"";"";"";
"1";"YSX321SL 12Mhz";"CRYSTAL";"SMARTPRJ_CRYSTAL-3.2-2.5";"X2";"";"";"";"";"";
"2";"f5521gw";"MINI-PCI-E-F";"MINI-PCI-E-FULL";"PCIE0, PCIE1";"MINI PCI EXPRESS CONNECTOR 0.8MM PITCH, 52 CIRCUIT";"";"67910-5700";"unknown";"93M2128";
